Country,Area_Ha,Projection_Used
Indonesia,189236661.36352885,ESRI:54009
Malaysia,33196852.25308283,EPSG:32649
Chile,73801759.08693925,ESRI:54009
Bolivia,109289545.62693125,ESRI:54009
Peru,129802744.35305767,ESRI:54009
Argentina,278934909.8314698,ESRI:54009
Dhekelia,12742.270561214014,EPSG:3035
Cyprus,539501.6293034944,EPSG:3035
India,315074756.54421645,EPSG:3035
China,937518272.2658123,EPSG:3577
Israel,2210157.460867272,EPSG:3035
Palestine,607430.2168055363,EPSG:3035
Lebanon,1000410.6016603115,EPSG:3035
Ethiopia,112973958.22722498,EPSG:32637
S. Sudan,62907042.26925436,EPSG:32636
Somalia,47273578.90454098,EPSG:32638
Kenya,58614348.71600386,EPSG:32637
Malawi,12011651.24762949,ESRI:54009
Tanzania,94358477.60942882,EPSG:32736
Syria,18593838.095993754,EPSG:3035
Somaliland,16748980.633695109,EPSG:32638
France,124625345.49684633,EPSG:5641
Suriname,14510187.385802228,EPSG:32621
Guyana,21135327.60787758,EPSG:32621
South Korea,9854360.207931526,EPSG:3577
North Korea,12237942.845144399,EPSG:3577
Morocco,59174246.75336693,EPSG:3577
W. Sahara,9049750.42550971,EPSG:3577
Costa Rica,5124116.64820746,EPSG:32616
Nicaragua,12946658.48711345,ESRI:54009
Congo,34491541.59012248,EPSG:32733
Dem. Rep. Congo,233919171.37413472,EPSG:32734
Bhutan,4042148.857806607,EPSG:3577
Ukraine,57199838.46605658,EPSG:3035
Belarus,20749914.304643266,EPSG:3035
Namibia,82667085.36212452,ESRI:54009
South Africa,122418046.58882894,ESRI:54009
St-Martin,6827.751358349558,EPSG:5070
Sint Maarten,2335.892607522594,EPSG:5070
Oman,31121402.32154192,EPSG:3035
Uzbekistan,44783074.64711417,EPSG:3035
Kazakhstan,271426129.707406,EPSG:3035
Tajikistan,14223782.563382018,EPSG:3035
Lithuania,6493928.997917102,EPSG:3035
Brazil,895057085.4234216,EPSG:5641
Uruguay,25033263.14302228,EPSG:5641
Mongolia,156468231.5574977,EPSG:3577
Russia,1698019653.5683048,EPSG:3575
Czechia,7875885.759545498,EPSG:3035
Germany,35767376.25385736,EPSG:3035
Estonia,4581901.343942842,EPSG:3035
Latvia,6457639.770898621,EPSG:3035
Norway,38038840.39102438,ESRI:54009
Sweden,44617884.74911982,EPSG:3575
Finland,33305901.618846264,EPSG:3575
Vietnam,32889199.16761102,EPSG:3577
Cambodia,18100688.357440364,EPSG:32648
Luxembourg,260846.88000113092,EPSG:3035
United Arab Emirates,7108423.497619292,EPSG:3035
Belgium,3066982.4762056824,EPSG:3035
Georgia,6957070.2225754075,EPSG:3035
North Macedonia,2538527.150784225,EPSG:3035
Albania,2833585.3100262964,EPSG:3035
Azerbaijan,8624978.1460095,EPSG:3035
Kosovo,1091307.5230099254,EPSG:3035
Turkey,78007910.79542907,EPSG:3035
Spain,50688561.28407937,EPSG:3577
Laos,22811397.99536537,EPSG:3577
Kyrgyzstan,19899058.56469881,EPSG:3035
Armenia,2958831.3146515302,EPSG:3035
Denmark,4269639.917643192,EPSG:3035
Libya,162375928.3384312,EPSG:3035
Tunisia,15661132.738996172,EPSG:3035
Romania,23637659.136339363,EPSG:3035
Hungary,9320095.807006037,EPSG:3035
Slovakia,4845777.86760802,EPSG:3035
Poland,31343065.084303796,EPSG:3035
Ireland,6944589.123320721,EPSG:3577
United Kingdom,24378145.75987798,EPSG:3577
Greece,13135341.850752171,EPSG:3035
Zambia,75642035.55543907,ESRI:54009
Sierra Leone,7173176.709121971,EPSG:32629
Guinea,24463216.996651106,EPSG:32629
Liberia,9525117.264707733,EPSG:32629
Central African Rep.,61935518.076444454,EPSG:32634
Sudan,185560685.414147,EPSG:3035
Djibouti,2186934.2976471763,EPSG:32638
Eritrea,12253751.938096235,EPSG:3035
Austria,8399319.15682082,EPSG:3035
Iraq,43736624.58184382,EPSG:3035
Italy,30118504.171325758,EPSG:3035
Switzerland,4143580.683913696,EPSG:3035
Iran,162251092.6636603,EPSG:3035
Netherlands,3739755.395977681,EPSG:5070
Liechtenstein,13724.974465708008,EPSG:3035
Côte d'Ivoire,32127536.755286004,EPSG:32630
Serbia,7762870.957887503,EPSG:3035
Mali,125272156.41776894,EPSG:3577
Senegal,19738346.703173984,ESRI:54009
Nigeria,90925008.74105042,EPSG:32632
Benin,11604935.168714909,EPSG:32631
Angola,125223706.49384812,ESRI:54009
Croatia,5502252.663556549,EPSG:3035
Slovenia,2032702.7275970324,EPSG:3035
Qatar,1115008.9878716834,EPSG:3035
Saudi Arabia,192172315.7924742,EPSG:3035
Botswana,58181485.218270704,ESRI:54009
Zimbabwe,39140362.99061553,ESRI:54009
Pakistan,87293848.92442456,EPSG:3035
Bulgaria,11276074.24923667,EPSG:3035
Thailand,51742980.141388126,ESRI:54009
San Marino,6031.712718770447,EPSG:3035
Haiti,2689156.2088625547,EPSG:5070
Dominican Rep.,4843970.275799401,EPSG:5070
Chad,126627979.09542783,EPSG:3035
Kuwait,1747415.6939748463,EPSG:3035
El Salvador,2054576.1468837894,EPSG:32616
Guatemala,10881171.814952612,EPSG:5070
Timor-Leste,1510909.044044986,EPSG:32751
Brunei,572127.2831823428,EPSG:32650
Monaco,1883.9682364947594,EPSG:3035
Algeria,230885618.64479047,EPSG:3035
Mozambique,79279336.18723586,ESRI:54009
eSwatini,1718101.5795516723,ESRI:54009
Burundi,2708939.007675351,EPSG:32735
Rwanda,2535289.4422472757,EPSG:32735
Myanmar,66315937.655135036,EPSG:3577
Bangladesh,13690370.977023508,EPSG:3577
Andorra,45224.90429666714,EPSG:3035
Afghanistan,64218157.40112961,EPSG:3035
Montenegro,1372749.33074002,EPSG:3035
Bosnia and Herz.,5182652.509404668,EPSG:3035
Uganda,24181437.64206803,EPSG:32636
USNB Guantanamo Bay,6535.6431640535275,EPSG:5070
Cuba,10992908.279262682,EPSG:5070
Honduras,11223696.832785172,EPSG:5070
Ecuador,25569888.587622352,EPSG:32717
Colombia,113783977.6410072,EPSG:32618
Paraguay,47323479.35390389,EPSG:5641
Brazilian I.,376.9526623783153,EPSG:5641
Portugal,9138998.793360306,EPSG:3577
Moldova,3320647.405581277,EPSG:3035
Turkmenistan,47085003.310953215,EPSG:3035
Jordan,8886291.235762766,EPSG:3035
Nepal,14710517.110546622,EPSG:3035
Lesotho,3021060.2874021586,ESRI:54009
Cameroon,46510847.65517663,EPSG:32633
Gabon,26053162.387532476,EPSG:32732
Niger,118129654.76214072,EPSG:3035
Burkina Faso,27443999.040223222,ESRI:54009
Togo,5689105.368007924,EPSG:32631
Ghana,23877706.816361696,EPSG:32630
Guinea-Bissau,3280807.841549842,EPSG:32628
Gibraltar,369.2448746152808,EPSG:3577
United States of America,946422995.241936,EPSG:3035
Canada,994562478.106859,EPSG:3573
Mexico,195784204.9795335,EPSG:3577
Belize,2229946.5596650923,EPSG:5070
Panama,7454880.042756901,EPSG:32617
Venezuela,91862348.94760995,ESRI:54009
Papua New Guinea,46684713.68022422,EPSG:32755
Egypt,100105853.65979685,EPSG:3035
Yemen,45307632.03800198,EPSG:3035
Mauritania,103638481.80132654,EPSG:3577
Eq. Guinea,2666863.7781052613,EPSG:32632
Gambia,1049514.0973010713,EPSG:32628
Hong Kong,103620.3268729419,EPSG:3577
Vatican,1.2203831186542595,EPSG:3035
N. Cyprus,331954.2619871414,EPSG:3035
Cyprus U.N. Buffer Zone,34100.15623472092,EPSG:3035
Siachen Glacier,208492.95469983568,EPSG:3035
Baikonur,650149.1484760484,EPSG:3035
Akrotiri,9867.391204289066,EPSG:3035
Southern Patagonian Ice Field,140751.1614834656,ESRI:54009
Bir Tawil,201955.74023958598,EPSG:3035
Antarctica,1208130073.3321424,EPSG:3031
Australia,769117312.7803025,EPSG:3577
Greenland,215438092.02420586,EPSG:3573
Fiji,1902467.690090614,EPSG:32731
New Zealand,26871240.980756458,ESRI:54009
New Caledonia,1883313.4644742832,EPSG:32758
Madagascar,59608273.58924363,ESRI:54009
Philippines,29329078.506186165,EPSG:3577
Sri Lanka,6624523.165148544,EPSG:32644
Curaçao,46288.16440109953,EPSG:32619
Aruba,16967.781441057567,EPSG:32619
Bahamas,1260395.144771861,EPSG:5070
Turks and Caicos Is.,44522.01026209109,EPSG:5070
Taiwan,3619787.097066607,EPSG:3577
Japan,37350633.455378674,EPSG:3577
St. Pierre and Miquelon,24275.221423007573,EPSG:5070
Iceland,10239000.926577453,EPSG:3573
Pitcairn Is.,4275.893160095498,ESRI:54009
Fr. Polynesia,335568.137882376,ESRI:54009
Fr. S. Antarctic Lands,727323.310288733,ESRI:54009
Seychelles,43808.58046706939,EPSG:32739
Kiribati,103485.38237728523,EPSG:32731
Marshall Is.,16484.476853252712,EPSG:32659
Trinidad and Tobago,512351.5742650011,EPSG:32620
Grenada,34716.98037095675,EPSG:32620
St. Vin. and Gren.,36777.60393904966,EPSG:32620
Barbados,44471.178009403884,EPSG:32621
Saint Lucia,60536.68320842263,EPSG:32620
Dominica,73031.34179350655,EPSG:5070
U.S. Minor Outlying Is.,5128.342520276141,EPSG:32630
Montserrat,9959.692520598372,EPSG:5070
Antigua and Barb.,45184.893901357675,EPSG:5070
St. Kitts and Nevis,26413.915270986534,EPSG:5070
U.S. Virgin Is.,35469.814082209625,EPSG:5070
St-Barthélemy,2442.477799597981,EPSG:5070
Puerto Rico,900599.8150238693,EPSG:5070
Anguilla,8741.5700735366,EPSG:5070
British Virgin Is.,14494.486794967044,EPSG:5070
Jamaica,1103288.839784935,EPSG:5070
Cayman Is.,30919.167314114995,EPSG:5070
Bermuda,6230.218187547423,EPSG:5070
Heard I. and McDonald Is.,39410.67164646377,ESRI:54009
Saint Helena,36817.400118059406,ESRI:54009
Mauritius,202477.53660944695,ESRI:54009
Comoros,167185.863714219,EPSG:32738
São Tomé and Principe,103799.67030880063,EPSG:32632
Cabo Verde,392672.5835078143,EPSG:3577
Malta,32568.92208692752,EPSG:3035
Jersey,11904.869309647504,EPSG:3577
Guernsey,7399.670465668419,EPSG:3577
Isle of Man,57480.60074627751,EPSG:3577
Åland,94205.24992883515,EPSG:3575
Faeroe Is.,132852.19477265928,EPSG:3573
Indian Ocean Ter.,11316.5963226787,EPSG:32747
Br. Indian Ocean Ter.,4918.4070104445655,EPSG:32742
Singapore,51031.619032359195,EPSG:32648
Norfolk Island,4119.77199886547,EPSG:32758
Cook Is.,19105.43568476676,EPSG:32704
Tonga,60342.15006471681,EPSG:32701
Wallis and Futuna Is.,13925.655146054483,EPSG:32701
Samoa,277938.0330716394,EPSG:32702
Solomon Is.,2745046.9703380363,EPSG:32758
Tuvalu,2302.3185679286585,EPSG:32760
Maldives,10875.291627944896,EPSG:32643
Nauru,2877.6886327487487,EPSG:32758
Micronesia,64624.47221249932,EPSG:32656
S. Geo. and the Is.,1167967.9329637347,EPSG:5641
Falkland Is.,3007605.0547688277,EPSG:5641
Vanuatu,1232739.8586048554,EPSG:32759
Niue,22047.190259645402,EPSG:32702
American Samoa,18019.628995767518,EPSG:32702
Palau,49168.87815561764,EPSG:32653
Guam,56456.60591432032,EPSG:32655
N. Mariana Is.,57930.41468369574,EPSG:3577
Bahrain,68809.84961374363,EPSG:3035
Coral Sea Is.,2.073233774007666,EPSG:3577
Spratly Is.,1198.7862806764692,EPSG:32650
Clipperton I.,500.26477449766827,EPSG:32612
Macao,3007.5676009322588,EPSG:3577
Ashmore and Cartier Is.,269.3607692932019,EPSG:32751
Bajo Nuevo Bank,3.586396503926297,EPSG:5070
Serranilla Bank,10.528950399897811,EPSG:5070
Scarborough Reef,9.778570914185627,EPSG:3577
